{
	"avg_min_clearance" : 0.0,
	"avg_path_length" : 0.0,
	"avg_planning_time_ms" : 1.2740556666666667,
	"avg_safety_score" : 0.0,
	"avg_smoothness_score" : 0.0,
	"computational_efficiency" : 0.0,
	"consistency_score" : 0.80152651297619393,
	"planning_times" : 
	[
		1.3623749999999999,
		1.470917,
		0.98887499999999995
	],
	"success_rate" : 0.0,
	"successes" : 
	[
		false,
		false,
		false
	]
}
