{
  "algorithm" : "STOMP",
  "avg_clearance" : 0.067726108867679907,
  "avg_constraint_violations" : 0.0017723439182109058,
  "avg_path_length" : 1.9887140230801654,
  "avg_planning_time_ms" : 198.16351185714285,
  "avg_smoothness" : 0.99911382804089455,
  "collision_risk_score" : 1.5000000000000002,
  "composite_score" : 0.38381318700749739,
  "success_rate" : 0.69999999999999996,
  "timestamp" : 1753821728,
  "total_trajectories" : 20
}