{
  "algorithm" : "STOMP",
  "avg_constraint_violations" : 0.00062294510185312291,
  "avg_path_length" : 2.1508168238131411,
  "avg_planning_time_ms" : 8013.9629412352942,
  "avg_smoothness" : 0.99968852744907344,
  "collision_risk_score" : 0.75000000000000011,
  "composite_score" : 3.4390041120034196,
  "success_rate" : 0.84999999999999998,
  "timestamp" : 1753731126,
  "total_trajectories" : 20
}