{
  "algorithm" : "STOMP",
  "avg_clearance" : 0.093843078240111372,
  "avg_constraint_violations" : 0.0026129759614140768,
  "avg_path_length" : 4.6336977044433603,
  "avg_planning_time_ms" : 8767.6670210000011,
  "avg_smoothness" : 0.99947740480771718,
  "collision_risk_score" : 0.5,
  "composite_score" : 1.3182285140299446,
  "success_rate" : 1.0,
  "timestamp" : 1753987999,
  "total_trajectories" : 2
}