{
  "algorithm" : "STOMP",
  "avg_clearance" : 0.039660960809923804,
  "avg_constraint_violations" : 0.0043208071516848134,
  "avg_path_length" : 1.9397032392124427,
  "avg_planning_time_ms" : 1094.4602207,
  "avg_smoothness" : 0.99913583856966304,
  "collision_risk_score" : 0.5,
  "composite_score" : 0.19433855270003811,
  "success_rate" : 1.0,
  "timestamp" : 1753949737,
  "total_trajectories" : 10
}