{
  "algorithm" : "STOMP",
  "avg_clearance" : 0.011567441302102648,
  "avg_constraint_violations" : 0.00011566559638032103,
  "avg_path_length" : 0.63413226269286915,
  "avg_planning_time_ms" : 56.830083999999999,
  "avg_smoothness" : 0.99994216720180984,
  "collision_risk_score" : 0.10000000000000001,
  "composite_score" : 0.19959715099579473,
  "success_rate" : 1.0,
  "timestamp" : 1753902203,
  "total_trajectories" : 1
}