{
  "algorithm" : "STOMP",
  "avg_clearance" : 0.054225754640076507,
  "avg_constraint_violations" : 0.0036202493568054939,
  "avg_path_length" : 2.1981942292915222,
  "avg_planning_time_ms" : 1041.5965000000001,
  "avg_smoothness" : 0.9992759501286389,
  "collision_risk_score" : 0.5,
  "composite_score" : 0.17912659767996175,
  "success_rate" : 1.0,
  "timestamp" : 1753952122,
  "total_trajectories" : 1
}