{
  "algorithm" : "STOMP",
  "avg_clearance" : 0.091479042808940911,
  "avg_constraint_violations" : 0.0012788405938657377,
  "avg_path_length" : 2.005093901065834,
  "avg_planning_time_ms" : 266.35725000000002,
  "avg_smoothness" : 0.99936057970306713,
  "collision_risk_score" : 0.10000000000000001,
  "composite_score" : 0.12358481438211821,
  "success_rate" : 1.0,
  "timestamp" : 1753902283,
  "total_trajectories" : 1
}