{
  "algorithm" : "STOMP",
  "avg_clearance" : 0.11238493818131584,
  "avg_constraint_violations" : 0.010861537993992476,
  "avg_path_length" : 1.8784087112228813,
  "avg_planning_time_ms" : 8940.4576669999988,
  "avg_smoothness" : 0.9978276924012015,
  "collision_risk_score" : 16.666666666666668,
  "composite_score" : 14.674401983383335,
  "success_rate" : 0.66666666666666663,
  "timestamp" : 1753976193,
  "total_trajectories" : 3
}