{
  "algorithm" : "STOMP",
  "avg_clearance" : 0.143103383075107,
  "avg_constraint_violations" : 0.018082707223484595,
  "avg_path_length" : 2.6062264036999783,
  "avg_planning_time_ms" : 108.81062514285713,
  "avg_smoothness" : 0.99638345855530308,
  "collision_risk_score" : 15.000000000000002,
  "composite_score" : 12.01632159377143,
  "success_rate" : 0.69999999999999996,
  "timestamp" : 1753897919,
  "total_trajectories" : 20
}