{
  "algorithm" : "STOMP",
  "avg_clearance" : 0.11206048475940891,
  "avg_constraint_violations" : 0.012211938219811036,
  "avg_path_length" : 1.2906937461526191,
  "avg_planning_time_ms" : 126.32983300000001,
  "avg_smoothness" : 0.99755761235603779,
  "collision_risk_score" : 0.5,
  "composite_score" : 0.01894947495,
  "success_rate" : 1.0,
  "timestamp" : 1754215489,
  "total_trajectories" : 2
}