{
  "study_name": "demo_trajectory_optimization",
  "total_trials": 150,
  "best_value": 4.991900825120959,
  "best_params": {
    "algorithm": "HAUSER",
    "hauser_samples": 1937,
    "hauser_neighbor_radius": 0.8989829720989773,
    "hauser_max_iterations": 967
  },
  "parameter_importance": {},
  "performance_statistics": {
    "total_trials": 150,
    "successful_trials": 142,
    "success_rate": 0.9466666666666667,
    "mean": 8.670538763778799,
    "median": 6.983383323413435,
    "std": 3.8736860965349726,
    "min": 4.991900825120959,
    "max": 20.828726223991808,
    "q25": 6.193245771409064,
    "q75": 8.97990022577171,
    "skewness": 1.608684474505698,
    "kurtosis": 1.6325553097755856,
    "best_value": 4.991900825120959,
    "improvement_ratio": 0.7603357607451299,
    "is_normal": "False",
    "normality_p_value": 1.3768800405113414e-10
  },
  "statistical_tests": {},
  "convergence_data": {
    "trial_numbers": [
      0,
      1,
      2,
      3,
      4,
      5,
      6,
      7,
      8,
      9,
      10,
      11,
      12,
      13,
      14,
      15,
      16,
      17,
      18,
      19,
      20,
      21,
      22,
      23,
      24,
      25,
      26,
      27,
      28,
      29,
      30,
      31,
      32,
      33,
      34,
      35,
      36,
      37,
      38,
      39,
      40,
      41,
      42,
      43,
      44,
      45,
      46,
      47,
      48,
      49,
      50,
      51,
      52,
      53,
      54,
      55,
      56,
      57,
      58,
      59,
      60,
      61,
      62,
      63,
      64,
      65,
      66,
      67,
      68,
      69,
      70,
      71,
      72,
      73,
      74,
      75,
      76,
      77,
      78,
      79,
      80,
      81,
      82,
      83,
      84,
      85,
      86,
      87,
      88,
      89,
      90,
      91,
      92,
      93,
      94,
      95,
      96,
      97,
      98,
      99,
      100,
      101,
      102,
      103,
      104,
      105,
      106,
      107,
      108,
      109,
      110,
      111,
      112,
      113,
      114,
      115,
      116,
      117,
      118,
      119,
      120,
      121,
      122,
      123,
      124,
      125,
      126,
      127,
      128,
      129,
      130,
      131,
      132,
      133,
      134,
      135,
      136,
      137,
      138,
      139,
      140,
      141,
      142,
      143,
      144,
      145,
      146,
      147,
      148,
      149
    ],
    "running_best": [
      34.80872227774924,
      15.064039514707726,
      13.503554300418502,
      13.503554300418502,
      7.86733695259905,
      7.86733695259905,
      7.86733695259905,
      7.86733695259905,
      7.86733695259905,
      7.86733695259905,
      6.490234823052087,
      6.490234823052087,
      6.490234823052087,
      5.6635237327041414,
      5.6635237327041414,
      5.6635237327041414,
      5.6635237327041414,
      5.6635237327041414,
      5.6635237327041414,
      5.6635237327041414,
      5.6635237327041414,
      5.6635237327041414,
      5.6635237327041414,
      5.6635237327041414,
      5.6635237327041414,
      5.6635237327041414,
      5.6635237327041414,
      5.6635237327041414,
      5.6635237327041414,
      5.6635237327041414,
      5.6635237327041414,
      5.6635237327041414,
      5.6635237327041414,
      5.6635237327041414,
      5.6635237327041414,
      5.6635237327041414,
      5.6635237327041414,
      5.6635237327041414,
      5.6635237327041414,
      5.6635237327041414,
      5.6635237327041414,
      5.6635237327041414,
      5.6635237327041414,
      5.6635237327041414,
      5.6635237327041414,
      5.6635237327041414,
      5.6635237327041414,
      5.6635237327041414,
      5.6635237327041414,
      5.6635237327041414,
      5.6635237327041414,
      5.6635237327041414,
      5.6635237327041414,
      5.6635237327041414,
      5.6635237327041414,
      5.6635237327041414,
      5.6635237327041414,
      5.6635237327041414,
      5.6635237327041414,
      5.6635237327041414,
      5.6635237327041414,
      5.6635237327041414,
      5.6635237327041414,
      5.6635237327041414,
      5.6635237327041414,
      5.6635237327041414,
      5.6635237327041414,
      5.6635237327041414,
      5.6635237327041414,
      5.6635237327041414,
      5.6635237327041414,
      5.6635237327041414,
      5.6635237327041414,
      5.6635237327041414,
      5.09068619664545,
      5.09068619664545,
      5.09068619664545,
      5.09068619664545,
      5.09068619664545,
      5.09068619664545,
      5.09068619664545,
      5.09068619664545,
      5.09068619664545,
      5.09068619664545,
      5.09068619664545,
      5.09068619664545,
      5.09068619664545,
      5.09068619664545,
      5.09068619664545,
      5.09068619664545,
      5.09068619664545,
      5.09068619664545,
      5.09068619664545,
      5.09068619664545,
      5.09068619664545,
      4.991900825120959,
      4.991900825120959,
      4.991900825120959,
      4.991900825120959,
      4.991900825120959,
      4.991900825120959,
      4.991900825120959,
      4.991900825120959,
      4.991900825120959,
      4.991900825120959,
      4.991900825120959,
      4.991900825120959,
      4.991900825120959,
      4.991900825120959,
      4.991900825120959,
      4.991900825120959,
      4.991900825120959,
      4.991900825120959,
      4.991900825120959,
      4.991900825120959,
      4.991900825120959,
      4.991900825120959,
      4.991900825120959,
      4.991900825120959,
      4.991900825120959,
      4.991900825120959,
      4.991900825120959,
      4.991900825120959,
      4.991900825120959,
      4.991900825120959,
      4.991900825120959,
      4.991900825120959,
      4.991900825120959,
      4.991900825120959,
      4.991900825120959,
      4.991900825120959,
      4.991900825120959,
      4.991900825120959,
      4.991900825120959,
      4.991900825120959,
      4.991900825120959,
      4.991900825120959,
      4.991900825120959,
      4.991900825120959,
      4.991900825120959,
      4.991900825120959,
      4.991900825120959,
      4.991900825120959,
      4.991900825120959,
      4.991900825120959,
      4.991900825120959,
      4.991900825120959,
      4.991900825120959,
      4.991900825120959,
      4.991900825120959
    ],