{
  "algorithm": "stomp",
  "best_trial": 1,
  "best_value": 0.3231177646341463,
  "best_parameters": {
    "stomp_max_iterations": 439,
    "stomp_num_noisy_trajectories": 19,
    "stomp_num_best_samples": 10,
    "stomp_learning_rate": 0.1541928294412055,
    "stomp_temperature": 8.940699636168253,
    "stomp_dt": 0.10859996797173847,
    "stomp_joint_std_dev_0": 0.2094863819541635,
    "stomp_joint_std_dev_1": 0.167249887063201,
    "stomp_joint_std_dev_2": 0.2976281906411647,
    "stomp_joint_std_dev_3": 0.28309416586166736,
    "stomp_joint_std_dev_4": 0.035950866495808115,
    "stomp_joint_std_dev_5": 0.27061530575817155,
    "stomp_joint_std_dev_6": 0.2858008689374725
  },
  "n_trials": 6
}