{
  "optimizer": "optuna",
  "best_parameters": {
    "exploration_constant": 0.4147225000481636,
    "num_noisy_trajectories": 84,
    "num_best_samples": 6,
    "max_iterations": 198,
    "learning_rate": 0.22838315689740368,
    "temperature": 15.907869905017348,
    "dt": 0.1097037220101252,
    "adaptive_sampling": true,
    "early_termination": true
  },
  "best_objective": 0.500108605,
  "convergence_data": {
    "values": [
      0.500129615,
      0.500108605,
      0.50011021
    ],
    "trial_numbers": [
      0,
      1,
      2
    ]
  },
  "n_evaluations": 3
}