{
  "algorithm" : "STOMP",
  "avg_path_length" : 1.8774117781164124,
  "avg_planning_time_ms" : 17714.836756285713,
  "avg_smoothness" : 0.99991330147245427,
  "composite_score" : 7.286104157574802,
  "success_rate" : 0.875,
  "timestamp" : 1753613337,
  "total_trajectories" : 8
}