{
  "algorithm" : "STOMP",
  "avg_path_length" : 0.95466719323507054,
  "avg_planning_time_ms" : 4969.3436334000007,
  "avg_smoothness" : 0.99979266093159291,
  "composite_score" : 2.0514026668158456,
  "success_rate" : 1.0,
  "timestamp" : 1753610923,
  "total_trajectories" : 5
}