{
  "algorithm" : "STOMP",
  "avg_clearance" : 0.059622697980890364,
  "avg_constraint_violations" : 0.00042505675672521726,
  "avg_path_length" : 2.024065150924681,
  "avg_planning_time_ms" : 2372.5454790000003,
  "avg_smoothness" : 0.99978747162163739,
  "collision_risk_score" : 0.10000000000000001,
  "composite_score" : 0.87355410711273473,
  "success_rate" : 1.0,
  "timestamp" : 1753812321,
  "total_trajectories" : 8
}