{
  "algorithm" : "STOMP",
  "avg_path_length" : 1.8438766499668116,
  "avg_planning_time_ms" : 6544.1357737142853,
  "avg_smoothness" : 0.99990301550007754,
  "composite_score" : 2.8155891179334942,
  "success_rate" : 0.875,
  "timestamp" : 1753612188,
  "total_trajectories" : 8
}