{
  "algorithm" : "STOMP",
  "avg_path_length" : 0.59803308921254428,
  "avg_planning_time_ms" : 4711.1290749999989,
  "avg_smoothness" : 0.99994403620735284,
  "composite_score" : 1.9243260989934339,
  "success_rate" : 1.0,
  "timestamp" : 1753611292,
  "total_trajectories" : 5
}