{
  "algorithm" : "STOMP",
  "avg_path_length" : 0.58085579182568514,
  "avg_planning_time_ms" : 4663.6277501999994,
  "avg_smoothness" : 0.99986713338168476,
  "composite_score" : 1.9041881061968766,
  "success_rate" : 1.0,
  "timestamp" : 1753611367,
  "total_trajectories" : 5
}