{
  "algorithm" : "STOMP",
  "avg_path_length" : 0.95856679311292647,
  "avg_planning_time_ms" : 5210.1204251999998,
  "avg_smoothness" : 0.99980842929641178,
  "composite_score" : 2.1479717800245539,
  "success_rate" : 1.0,
  "timestamp" : 1753611166,
  "total_trajectories" : 5
}