{
  "algorithm" : "STOMP",
  "avg_clearance" : 0.092409435651857205,
  "avg_constraint_violations" : 0.00082047403666107854,
  "avg_path_length" : 2.2649233536532924,
  "avg_planning_time_ms" : 1770.7865207499999,
  "avg_smoothness" : 0.99958976298166946,
  "collision_risk_score" : 0.10000000000000001,
  "composite_score" : 0.72349573699628567,
  "success_rate" : 1.0,
  "timestamp" : 1753821887,
  "total_trajectories" : 8
}