{
  "algorithm" : "STOMP",
  "avg_path_length" : 0.9656347535088925,
  "avg_planning_time_ms" : 6277.2804331999996,
  "avg_smoothness" : 0.99993542296339244,
  "composite_score" : 2.575294281217587,
  "success_rate" : 1.0,
  "timestamp" : 1753610726,
  "total_trajectories" : 5
}