{
  "algorithm" : "STOMP",
  "avg_path_length" : 0.64799014339672767,
  "avg_planning_time_ms" : 5440.1199666000002,
  "avg_smoothness" : 0.99998605502019955,
  "composite_score" : 2.2192487240310954,
  "success_rate" : 1.0,
  "timestamp" : 1753610786,
  "total_trajectories" : 5
}