{
  "algorithm" : "STOMP",
  "avg_clearance" : 0.086373058501594588,
  "avg_constraint_violations" : 0.00086184643830145014,
  "avg_path_length" : 2.4064180442660197,
  "avg_planning_time_ms" : 2609.7497604999999,
  "avg_smoothness" : 0.99956907678084927,
  "collision_risk_score" : 0.10000000000000001,
  "composite_score" : 0.92372933493282416,
  "success_rate" : 1.0,
  "timestamp" : 1753812525,
  "total_trajectories" : 8
}