{
  "algorithm" : "STOMP",
  "avg_path_length" : 2.7914039857550663,
  "avg_planning_time_ms" : 5893.2866834000006,
  "avg_smoothness" : 0.99994536661685829,
  "composite_score" : 2.7684137357486525,
  "success_rate" : 0.625,
  "timestamp" : 1753612626,
  "total_trajectories" : 8
}