{
  "algorithm" : "STOMP",
  "avg_clearance" : 0.087516774049411564,
  "avg_constraint_violations" : 0.0033521967712466516,
  "avg_path_length" : 1.9651076558959157,
  "avg_planning_time_ms" : 831.97427385714298,
  "avg_smoothness" : 0.99832390161437667,
  "collision_risk_score" : 0.625,
  "composite_score" : 0.44174011371638366,
  "success_rate" : 0.875,
  "timestamp" : 1753812716,
  "total_trajectories" : 8
}