{
  "algorithm" : "STOMP",
  "avg_path_length" : 0.77381415186017233,
  "avg_planning_time_ms" : 5116.3739836000004,
  "avg_smoothness" : 0.99998154815368334,
  "composite_score" : 2.0981390487486435,
  "success_rate" : 1.0,
  "timestamp" : 1753610813,
  "total_trajectories" : 5
}