{
  "algorithm" : "STOMP",
  "avg_path_length" : 0.71834082707280056,
  "avg_planning_time_ms" : 4901.3071748000002,
  "avg_smoothness" : 0.99984377384847323,
  "composite_score" : 2.0084278810066727,
  "success_rate" : 1.0,
  "timestamp" : 1753611000,
  "total_trajectories" : 5
}