{
  "algorithm" : "STOMP",
  "avg_path_length" : 0.65041313599622863,
  "avg_planning_time_ms" : 4873.4384499999996,
  "avg_smoothness" : 0.99989914115132006,
  "composite_score" : 1.9927463416179501,
  "success_rate" : 1.0,
  "timestamp" : 1753611317,
  "total_trajectories" : 5
}