{
  "algorithm" : "STOMP",
  "avg_clearance" : 0.047515240087455501,
  "avg_constraint_violations" : 0.00010440203387696023,
  "avg_path_length" : 1.732370724626239,
  "avg_planning_time_ms" : 941.72936914285731,
  "avg_smoothness" : 0.99994779898306152,
  "collision_risk_score" : 0.625,
  "composite_score" : 0.58166126748223201,
  "success_rate" : 0.875,
  "timestamp" : 1753821946,
  "total_trajectories" : 8
}