{
  "algorithm" : "STOMP",
  "avg_clearance" : 0.061699059871766437,
  "avg_constraint_violations" : 0.00052174288829909266,
  "avg_path_length" : 2.0715672083329095,
  "avg_planning_time_ms" : 867.94068237500005,
  "avg_smoothness" : 0.99973912855585045,
  "collision_risk_score" : 0.10000000000000001,
  "composite_score" : 0.42143806246591076,
  "success_rate" : 1.0,
  "timestamp" : 1753812645,
  "total_trajectories" : 8
}