{
  "algorithm" : "STOMP",
  "avg_path_length" : 1.8867145893158423,
  "avg_planning_time_ms" : 5242.2809405714288,
  "avg_smoothness" : 0.99993094606871857,
  "composite_score" : 2.297700254242756,
  "success_rate" : 0.875,
  "timestamp" : 1753613199,
  "total_trajectories" : 8
}