{
  "algorithm" : "STOMP",
  "avg_clearance" : 0.079004102488780203,
  "avg_constraint_violations" : 0.00013585921624414965,
  "avg_path_length" : 2.6043365667968361,
  "avg_planning_time_ms" : 3908.7747917500001,
  "avg_smoothness" : 0.99993207039187793,
  "collision_risk_score" : 0.10000000000000001,
  "composite_score" : 1.3343499050924836,
  "success_rate" : 1.0,
  "timestamp" : 1753812562,
  "total_trajectories" : 8
}