{
  "algorithm" : "STOMP",
  "avg_clearance" : 0.11666068269523203,
  "avg_constraint_violations" : 0.0030610249867699668,
  "avg_path_length" : 3.1286132163320133,
  "avg_planning_time_ms" : 589.91492871428568,
  "avg_smoothness" : 0.99846948750661502,
  "collision_risk_score" : 0.625,
  "composite_score" : 0.33596597148571428,
  "success_rate" : 0.875,
  "timestamp" : 1753821997,
  "total_trajectories" : 8
}