{
  "algorithm" : "STOMP",
  "avg_clearance" : 0.10166172062539088,
  "avg_constraint_violations" : 0.00048800701790829848,
  "avg_path_length" : 2.5394478287554616,
  "avg_planning_time_ms" : 4897.0678176250003,
  "avg_smoothness" : 0.99975599649104585,
  "collision_risk_score" : 0.10000000000000001,
  "composite_score" : 1.5961171370761686,
  "success_rate" : 1.0,
  "timestamp" : 1753812497,
  "total_trajectories" : 8
}