{
  "algorithm" : "STOMP",
  "avg_path_length" : 0.89707228017210983,
  "avg_planning_time_ms" : 4821.2302168000006,
  "avg_smoothness" : 0.99986525087952871,
  "composite_score" : 1.988310380310188,
  "success_rate" : 1.0,
  "timestamp" : 1753611392,
  "total_trajectories" : 5
}