{
  "algorithm" : "STOMP",
  "avg_clearance" : 0.06003621284542407,
  "avg_constraint_violations" : 0.00084878260680731898,
  "avg_path_length" : 1.5125244222477154,
  "avg_planning_time_ms" : 205.53614587499999,
  "avg_smoothness" : 0.99957560869659634,
  "collision_risk_score" : 0.10000000000000001,
  "composite_score" : 0.19727518473709002,
  "success_rate" : 1.0,
  "timestamp" : 1753812589,
  "total_trajectories" : 8
}