{
  "algorithm" : "STOMP",
  "avg_path_length" : 0.865577939011418,
  "avg_planning_time_ms" : 4663.6722334000006,
  "avg_smoothness" : 0.99983413719905401,
  "composite_score" : 1.9231906755741897,
  "success_rate" : 1.0,
  "timestamp" : 1753611417,
  "total_trajectories" : 5
}