{
  "algorithm" : "STOMP",
  "avg_path_length" : 1.2642307305266156,
  "avg_planning_time_ms" : 5901.0126197500012,
  "avg_smoothness" : 0.99994401572571845,
  "composite_score" : 2.4446926950292034,
  "success_rate" : 1.0,
  "timestamp" : 1753612054,
  "total_trajectories" : 8
}