{
  "algorithm" : "STOMP",
  "avg_clearance" : 0.085324890196829206,
  "avg_constraint_violations" : 0.0021784236504864829,
  "avg_path_length" : 2.1702461292517756,
  "avg_planning_time_ms" : 1074.0214642857143,
  "avg_smoothness" : 0.99891078817475676,
  "collision_risk_score" : 0.625,
  "composite_score" : 0.55895880532062736,
  "success_rate" : 0.875,
  "timestamp" : 1753821961,
  "total_trajectories" : 8
}