{
  "algorithm" : "STOMP",
  "avg_path_length" : 0.98114448360236239,
  "avg_planning_time_ms" : 5398.2877500000004,
  "avg_smoothness" : 0.99992130279878144,
  "composite_score" : 2.2247326019602793,
  "success_rate" : 1.0,
  "timestamp" : 1753610871,
  "total_trajectories" : 5
}