{
  "algorithm" : "STOMP",
  "avg_path_length" : 3.5383839152890717,
  "avg_planning_time_ms" : 6935.3835921999998,
  "avg_smoothness" : 0.99994827570979439,
  "composite_score" : 3.2350508703282919,
  "success_rate" : 0.625,
  "timestamp" : 1753611899,
  "total_trajectories" : 8
}