{
  "algorithm" : "STOMP",
  "avg_clearance" : 0.04062534710291734,
  "avg_constraint_violations" : 7.0028015732193083e-05,
  "avg_path_length" : 1.5973162028846171,
  "avg_planning_time_ms" : 738.72432728571414,
  "avg_smoothness" : 0.9999649859921339,
  "collision_risk_score" : 0.625,
  "composite_score" : 0.51423903670845106,
  "success_rate" : 0.875,
  "timestamp" : 1753821910,
  "total_trajectories" : 8
}