{
  "algorithm" : "STOMP",
  "avg_path_length" : 1.6647980505933635,
  "avg_planning_time_ms" : 7992.9287863749996,
  "avg_smoothness" : 0.99998805058108575,
  "composite_score" : 3.3081592461981155,
  "success_rate" : 1.0,
  "timestamp" : 1753612125,
  "total_trajectories" : 8
}