{
  "algorithm" : "STOMP",
  "avg_clearance" : 0.088928921813168346,
  "avg_constraint_violations" : 0.0010617757675939199,
  "avg_path_length" : 2.3267855704942586,
  "avg_planning_time_ms" : 932.91896912499999,
  "avg_smoothness" : 0.99946911211620304,
  "collision_risk_score" : 0.10000000000000001,
  "composite_score" : 0.41287467533084005,
  "success_rate" : 1.0,
  "timestamp" : 1753812622,
  "total_trajectories" : 8
}