{
  "algorithm" : "STOMP",
  "avg_path_length" : 1.1227316958731155,
  "avg_planning_time_ms" : 5607.4944668000007,
  "avg_smoothness" : 0.99991698101571169,
  "composite_score" : 2.3178548683433031,
  "success_rate" : 1.0,
  "timestamp" : 1753611109,
  "total_trajectories" : 5
}