{
  "algorithm" : "STOMP",
  "avg_clearance" : 0.073853119889198904,
  "avg_constraint_violations" : 0.00026779508487462245,
  "avg_path_length" : 2.22204629449744,
  "avg_planning_time_ms" : 931.48371349999991,
  "avg_smoothness" : 0.99986610245756269,
  "collision_risk_score" : 0.10000000000000001,
  "composite_score" : 0.42978113869531731,
  "success_rate" : 1.0,
  "timestamp" : 1753812773,
  "total_trajectories" : 8
}