{
  "algorithm" : "STOMP",
  "avg_path_length" : 1.7131814101553948,
  "avg_planning_time_ms" : 6370.9981191428569,
  "avg_smoothness" : 0.99995311316960667,
  "composite_score" : 2.7376160303505417,
  "success_rate" : 0.875,
  "timestamp" : 1753612685,
  "total_trajectories" : 8
}