{
  "algorithm" : "STOMP",
  "avg_path_length" : 0.81264561970395843,
  "avg_planning_time_ms" : 5156.3625331999992,
  "avg_smoothness" : 0.99990600011750241,
  "composite_score" : 2.1167307879151798,
  "success_rate" : 1.0,
  "timestamp" : 1753611193,
  "total_trajectories" : 5
}