{
  "algorithm" : "STOMP",
  "avg_clearance" : 0.10331303719375566,
  "avg_constraint_violations" : 0.00074339780248777743,
  "avg_path_length" : 3.0686170722351882,
  "avg_planning_time_ms" : 2888.2522239999998,
  "avg_smoothness" : 0.99962830109875611,
  "collision_risk_score" : 0.10000000000000001,
  "composite_score" : 1.0199436907018837,
  "success_rate" : 1.0,
  "timestamp" : 1753812296,
  "total_trajectories" : 8
}