{
  "algorithm" : "STOMP",
  "avg_path_length" : 1.1021397768603733,
  "avg_planning_time_ms" : 4969.8022681428574,
  "avg_smoothness" : 0.99992217900610691,
  "composite_score" : 2.1364046744805574,
  "success_rate" : 0.875,
  "timestamp" : 1753612401,
  "total_trajectories" : 8
}