{
  "algorithm" : "STOMP",
  "avg_path_length" : 3.2236756411692817,
  "avg_planning_time_ms" : 5819.1259915999999,
  "avg_smoothness" : 0.99993963800153229,
  "composite_score" : 2.7675681422511325,
  "success_rate" : 0.625,
  "timestamp" : 1753612570,
  "total_trajectories" : 8
}