{
  "algorithm" : "STOMP",
  "avg_path_length" : 1.2528036454796736,
  "avg_planning_time_ms" : 5270.832101142857,
  "avg_smoothness" : 0.99993754386200517,
  "composite_score" : 2.2668593291029207,
  "success_rate" : 0.875,
  "timestamp" : 1753613007,
  "total_trajectories" : 8
}