{
  "algorithm" : "STOMP",
  "avg_path_length" : 1.0975522751992708,
  "avg_planning_time_ms" : 5001.7407750000002,
  "avg_smoothness" : 0.99989243856488286,
  "composite_score" : 2.0738772178234632,
  "success_rate" : 1.0,
  "timestamp" : 1753610974,
  "total_trajectories" : 5
}