{
  "algorithm" : "STOMP",
  "avg_clearance" : 0.08854042623321591,
  "avg_constraint_violations" : 0.0014727889502783587,
  "avg_path_length" : 2.6620278077708752,
  "avg_planning_time_ms" : 528.50882799999999,
  "avg_smoothness" : 0.99926360552486082,
  "collision_risk_score" : 0.10000000000000001,
  "composite_score" : 0.23432267873356818,
  "success_rate" : 1.0,
  "timestamp" : 1753821986,
  "total_trajectories" : 8
}