{
  "algorithm" : "STOMP",
  "avg_path_length" : 0.4609159818452423,
  "avg_planning_time_ms" : 4705.3752748000006,
  "avg_smoothness" : 0.99991715258079983,
  "composite_score" : 1.9128861267849366,
  "success_rate" : 1.0,
  "timestamp" : 1753610948,
  "total_trajectories" : 5
}