{
  "algorithm" : "STOMP",
  "avg_path_length" : 1.3154612321781101,
  "avg_planning_time_ms" : 5283.954119,
  "avg_smoothness" : 0.99996480270324839,
  "composite_score" : 2.276282582808216,
  "success_rate" : 0.875,
  "timestamp" : 1753612735,
  "total_trajectories" : 8
}