{
  "algorithm" : "STOMP",
  "avg_clearance" : 0.071980508523089501,
  "avg_constraint_violations" : 0.00025310628017161108,
  "avg_path_length" : 2.0539311319126639,
  "avg_planning_time_ms" : 1046.9851563749999,
  "avg_smoothness" : 0.99987344685991419,
  "collision_risk_score" : 0.10000000000000001,
  "composite_score" : 0.47483304550382099,
  "success_rate" : 1.0,
  "timestamp" : 1753822046,
  "total_trajectories" : 8
}