{
  "algorithm" : "STOMP",
  "avg_path_length" : 1.6519211697497524,
  "avg_planning_time_ms" : 4976.5224637499996,
  "avg_smoothness" : 0.99988873342483808,
  "composite_score" : 2.1007481901408327,
  "success_rate" : 1.0,
  "timestamp" : 1753613150,
  "total_trajectories" : 8
}