{
  "algorithm" : "STOMP",
  "avg_clearance" : 0.070811317085627976,
  "avg_constraint_violations" : 0.0010874711636346124,
  "avg_path_length" : 2.0322136712950019,
  "avg_planning_time_ms" : 277.06334716666663,
  "avg_smoothness" : 0.99945626441818269,
  "collision_risk_score" : 1.25,
  "composite_score" : 0.37856708564448982,
  "success_rate" : 0.75,
  "timestamp" : 1753812597,
  "total_trajectories" : 8
}