{
  "algorithm" : "STOMP",
  "avg_clearance" : 0.11107003528723348,
  "avg_constraint_violations" : 0.00076671172352948957,
  "avg_path_length" : 3.0179135262818853,
  "avg_planning_time_ms" : 2772.5692239999998,
  "avg_smoothness" : 0.99961664413823526,
  "collision_risk_score" : 0.10000000000000001,
  "composite_score" : 1.1090276896,
  "success_rate" : 1.0,
  "timestamp" : 1753821846,
  "total_trajectories" : 8
}