{
  "algorithm" : "STOMP",
  "avg_clearance" : 0.050618292514153805,
  "avg_constraint_violations" : 0.00020846304062605014,
  "avg_path_length" : 1.7956579578483098,
  "avg_planning_time_ms" : 1772.111182375,
  "avg_smoothness" : 0.99989576847968697,
  "collision_risk_score" : 0.10000000000000001,
  "composite_score" : 0.69549923698571592,
  "success_rate" : 1.0,
  "timestamp" : 1753812342,
  "total_trajectories" : 8
}