{
  "algorithm" : "STOMP",
  "avg_path_length" : 0.62433571167978574,
  "avg_planning_time_ms" : 5015.5706919999993,
  "avg_smoothness" : 0.99997021904960093,
  "composite_score" : 2.0478536356736918,
  "success_rate" : 1.0,
  "timestamp" : 1753610640,
  "total_trajectories" : 5
}