{
  "algorithm" : "STOMP",
  "avg_clearance" : 0.06158111334601922,
  "avg_constraint_violations" : 0.00011868403980375142,
  "avg_path_length" : 1.6392526955375333,
  "avg_planning_time_ms" : 3399.5070208750003,
  "avg_smoothness" : 0.99994065798009812,
  "collision_risk_score" : 0.10000000000000001,
  "composite_score" : 1.1594490052223383,
  "success_rate" : 1.0,
  "timestamp" : 1753812429,
  "total_trajectories" : 8
}