{
  "algorithm" : "STOMP",
  "avg_clearance" : 0.068582576321328761,
  "avg_constraint_violations" : 0.00016374080847869621,
  "avg_path_length" : 2.4372584518589444,
  "avg_planning_time_ms" : 3460.936369,
  "avg_smoothness" : 0.99991812959576065,
  "collision_risk_score" : 0.625,
  "composite_score" : 1.5472093949573427,
  "success_rate" : 0.875,
  "timestamp" : 1753821774,
  "total_trajectories" : 8
}