{
  "algorithm" : "STOMP",
  "avg_clearance" : 0.039731178762312594,
  "avg_constraint_violations" : 0.00062187529911561512,
  "avg_path_length" : 1.2722249704659407,
  "avg_planning_time_ms" : 583.22190283333339,
  "avg_smoothness" : 0.99968906235044219,
  "collision_risk_score" : 1.25,
  "composite_score" : 0.47901214499478395,
  "success_rate" : 0.75,
  "timestamp" : 1753812683,
  "total_trajectories" : 8
}