{
  "algorithm" : "STOMP",
  "avg_path_length" : 1.8341340265153534,
  "avg_planning_time_ms" : 6076.8676130000003,
  "avg_smoothness" : 0.99990616685908595,
  "composite_score" : 2.6280320302817817,
  "success_rate" : 0.875,
  "timestamp" : 1753612908,
  "total_trajectories" : 8
}