{
  "algorithm" : "STOMP",
  "avg_clearance" : 0.067374014399667698,
  "avg_constraint_violations" : 5.5116726553450235e-05,
  "avg_path_length" : 2.0181591347436436,
  "avg_planning_time_ms" : 904.50696659999994,
  "avg_smoothness" : 0.99997244163672327,
  "collision_risk_score" : 1.875,
  "composite_score" : 0.72705475784066464,
  "success_rate" : 0.625,
  "timestamp" : 1753821923,
  "total_trajectories" : 8
}