{
  "algorithm" : "STOMP",
  "avg_path_length" : 1.3466760229483041,
  "avg_planning_time_ms" : 4812.6045973333339,
  "avg_smoothness" : 0.99988105256143756,
  "composite_score" : 2.1648321352070767,
  "success_rate" : 0.75,
  "timestamp" : 1753612449,
  "total_trajectories" : 8
}