{
  "algorithm" : "STOMP",
  "avg_path_length" : 0.77170307782542336,
  "avg_planning_time_ms" : 5994.6563415999999,
  "avg_smoothness" : 0.99986710577261051,
  "composite_score" : 2.4493226979177671,
  "success_rate" : 1.0,
  "timestamp" : 1753610757,
  "total_trajectories" : 5
}