{
  "algorithm" : "STOMP",
  "avg_path_length" : 1.2631335412719604,
  "avg_planning_time_ms" : 5854.7694166000001,
  "avg_smoothness" : 0.99995005425545447,
  "composite_score" : 2.4261216639659184,
  "success_rate" : 1.0,
  "timestamp" : 1753610843,
  "total_trajectories" : 5
}