{
  "algorithm" : "STOMP",
  "avg_path_length" : 1.0994078494963859,
  "avg_planning_time_ms" : 4985.0179416000001,
  "avg_smoothness" : 0.99991313130181714,
  "composite_score" : 2.0673097201429105,
  "success_rate" : 1.0,
  "timestamp" : 1753611026,
  "total_trajectories" : 5
}