{
  "algorithm" : "STOMP",
  "avg_clearance" : 0.0628925590528817,
  "avg_constraint_violations" : 0.0003339618534654587,
  "avg_path_length" : 1.8391351900775195,
  "avg_planning_time_ms" : 357.45848185714289,
  "avg_smoothness" : 0.99983301907326727,
  "collision_risk_score" : 0.625,
  "composite_score" : 0.31719827463709382,
  "success_rate" : 0.875,
  "timestamp" : 1753822014,
  "total_trajectories" : 8
}