{
  "algorithm" : "STOMP",
  "avg_clearance" : 0.080059091619104142,
  "avg_constraint_violations" : 0.00027002505689499579,
  "avg_path_length" : 2.3067511306567461,
  "avg_planning_time_ms" : 763.94744642857142,
  "avg_smoothness" : 0.9998649874715525,
  "collision_risk_score" : 0.625,
  "composite_score" : 0.44944665428559727,
  "success_rate" : 0.875,
  "timestamp" : 1753812799,
  "total_trajectories" : 8
}