{
  "algorithm" : "STOMP",
  "avg_clearance" : 0.095419994613669415,
  "avg_constraint_violations" : 0.00062429146370202027,
  "avg_path_length" : 1.9415841610242397,
  "avg_planning_time_ms" : 431.46006557142857,
  "avg_smoothness" : 0.99968785426814899,
  "collision_risk_score" : 0.625,
  "composite_score" : 0.28174403700123263,
  "success_rate" : 0.875,
  "timestamp" : 1753821932,
  "total_trajectories" : 8
}