{
  "algorithm" : "STOMP",
  "avg_clearance" : 0.067423379467757547,
  "avg_constraint_violations" : 0.00033706854629400596,
  "avg_path_length" : 1.7629121353419848,
  "avg_planning_time_ms" : 1291.7158488749999,
  "avg_smoothness" : 0.999831465726853,
  "collision_risk_score" : 0.10000000000000001,
  "composite_score" : 0.58183958061448493,
  "success_rate" : 1.0,
  "timestamp" : 1753822062,
  "total_trajectories" : 8
}