{
  "algorithm" : "STOMP",
  "avg_path_length" : 0.93918234098871789,
  "avg_planning_time_ms" : 5156.3139252000001,
  "avg_smoothness" : 0.99988866344455773,
  "composite_score" : 2.1251488598014587,
  "success_rate" : 1.0,
  "timestamp" : 1753610667,
  "total_trajectories" : 5
}