{
  "algorithm" : "STOMP",
  "avg_clearance" : 0.15212786816371449,
  "avg_constraint_violations" : 0.0027163734226667291,
  "avg_path_length" : 4.1456507212958718,
  "avg_planning_time_ms" : 907.05921349999994,
  "avg_smoothness" : 0.99864181328866664,
  "collision_risk_score" : 0.10000000000000001,
  "composite_score" : 0.47953611878592689,
  "success_rate" : 1.0,
  "timestamp" : 1753812787,
  "total_trajectories" : 8
}