{
  "algorithm" : "STOMP",
  "avg_path_length" : 1.8467164890974967,
  "avg_planning_time_ms" : 5382.1413499999999,
  "avg_smoothness" : 0.99995351081353656,
  "composite_score" : 2.500975621525146,
  "success_rate" : 0.625,
  "timestamp" : 1753612354,
  "total_trajectories" : 8
}