{
  "algorithm" : "STOMP",
  "avg_path_length" : 2.0954523318708054,
  "avg_planning_time_ms" : 6161.6385153749998,
  "avg_smoothness" : 0.99987593522101514,
  "composite_score" : 2.6043646347526188,
  "success_rate" : 1.0,
  "timestamp" : 1753612791,
  "total_trajectories" : 8
}