{
  "algorithm" : "STOMP",
  "avg_path_length" : 1.6799513719075818,
  "avg_planning_time_ms" : 5569.7515478571422,
  "avg_smoothness" : 0.99992293660570353,
  "composite_score" : 2.4149050836094585,
  "success_rate" : 0.875,
  "timestamp" : 1753612000,
  "total_trajectories" : 8
}