{
  "algorithm" : "STOMP",
  "avg_path_length" : 1.454433181078528,
  "avg_planning_time_ms" : 5482.0394739999992,
  "avg_smoothness" : 0.99994611165443059,
  "composite_score" : 2.2897833905064586,
  "success_rate" : 1.0,
  "timestamp" : 1753613058,
  "total_trajectories" : 8
}