{
  "algorithm" : "STOMP",
  "avg_path_length" : 1.7138901655125878,
  "avg_planning_time_ms" : 5260.1911251428583,
  "avg_smoothness" : 0.99994156231877973,
  "composite_score" : 2.2933416381927709,
  "success_rate" : 0.875,
  "timestamp" : 1753612957,
  "total_trajectories" : 8
}