{
  "algorithm" : "STOMP",
  "avg_clearance" : 0.018935160873055606,
  "avg_constraint_violations" : 0.00015825835334637439,
  "avg_path_length" : 0.8042076541076415,
  "avg_planning_time_ms" : 472.199989625,
  "avg_smoothness" : 0.99992087082332681,
  "collision_risk_score" : 0.10000000000000001,
  "composite_score" : 0.30347555120096598,
  "success_rate" : 1.0,
  "timestamp" : 1753812740,
  "total_trajectories" : 8
}