{
  "algorithm" : "STOMP",
  "avg_path_length" : 2.5678248578789846,
  "avg_planning_time_ms" : 139046.08195837503,
  "avg_smoothness" : 0.99997519884437291,
  "composite_score" : 55.789623587324179,
  "success_rate" : 1.0,
  "timestamp" : 1753616920,
  "total_trajectories" : 8
}