{
  "algorithm" : "STOMP",
  "avg_path_length" : 1.9383936880427033,
  "avg_planning_time_ms" : 6454.147421875,
  "avg_smoothness" : 0.99995134306426181,
  "composite_score" : 2.7108900803130878,
  "success_rate" : 1.0,
  "timestamp" : 1753612303,
  "total_trajectories" : 8
}