{
  "algorithm" : "STOMP",
  "avg_clearance" : 0.04915380884990482,
  "avg_constraint_violations" : 0.0011421026066089635,
  "avg_path_length" : 1.6892110190315628,
  "avg_planning_time_ms" : 589.89653585714279,
  "avg_smoothness" : 0.99942894869669552,
  "collision_risk_score" : 0.625,
  "composite_score" : 0.43765099664304752,
  "success_rate" : 0.875,
  "timestamp" : 1753821898,
  "total_trajectories" : 8
}