{
  "algorithm" : "STOMP",
  "avg_path_length" : 0.52097526856449505,
  "avg_planning_time_ms" : 4953.2875832000009,
  "avg_smoothness" : 0.99995174663422648,
  "composite_score" : 2.0160515431875443,
  "success_rate" : 1.0,
  "timestamp" : 1753610693,
  "total_trajectories" : 5
}