{
  "algorithm" : "STOMP",
  "avg_clearance" : 0.12295367010610765,
  "avg_constraint_violations" : 0.0032609595702037808,
  "avg_path_length" : 3.111708176176176,
  "avg_planning_time_ms" : 1414.4570625000001,
  "avg_smoothness" : 0.99836952021489811,
  "collision_risk_score" : 0.10000000000000001,
  "composite_score" : 0.5657828250000001,
  "success_rate" : 1.0,
  "timestamp" : 1753822032,
  "total_trajectories" : 8
}