{
  "algorithm" : "STOMP",
  "avg_clearance" : 0.14398101857652837,
  "avg_constraint_violations" : 0.0016603404173103353,
  "avg_path_length" : 3.5084039927908957,
  "avg_planning_time_ms" : 536.01376785714285,
  "avg_smoothness" : 0.99916982979134483,
  "collision_risk_score" : 0.625,
  "composite_score" : 0.41130734701755312,
  "success_rate" : 0.875,
  "timestamp" : 1753812608,
  "total_trajectories" : 8
}