{
  "overview": {
    "total_trials": 3,
    "successful_trials": 3,
    "success_rate": 100.0,
    "algorithms": [
      "STOMP"
    ]
  },
  "performance": {
    "planning_time_ms": {
      "mean": 51744.6,
      "std": 5635.765895599285,
      "min": 45278.7,
      "max": 55614.7,
      "median": 54340.4
    },
    "trajectory_length": {
      "mean": 2.4414433333333334,
      "std": 0.06816127223969157,
      "min": 2.36962,
      "max": 2.50523,
      "median": 2.44948
    },
    "smoothness": {
      "mean": 0.0115767,
      "std": 0.0006299196694817519,
      "min": 0.0108494,
      "max": 0.011949,
      "median": 0.0119317
    },
    "num_waypoints": {
      "mean": 86.66666666666667,
      "std": 0.5773502691896257,
      "min": 86.0,
      "max": 87.0,
      "median": 87.0
    },
    "joint_distance": {
      "mean": 2.2409666666666666,
      "std": 0.003238245409683122,
      "min": 2.23725,
      "max": 2.24318,
      "median": 2.24247
    },
    "cartesian_distance": {
      "mean": 0.0,
      "std": 0.0,
      "min": 0.0,
      "max": 0.0,
      "median": 0.0
    },
    "max_velocity": {
      "mean": 0.3812423333333333,
      "std": 0.00814991744334464,
      "min": 0.372865,
      "max": 0.389144,
      "median": 0.381718
    },
    "max_acceleration": {
      "mean": 0.150135,
      "std": 0.005649277564432469,
      "min": 0.144143,
      "max": 0.155364,
      "median": 0.150898
    },
    "energy_consumption": {
      "mean": 10.8756,
      "std": 0.2916487613551612,
      "min": 10.5426,
      "max": 11.0856,
      "median": 10.9986
    },
    "execution_time": {
      "mean": 8.666666666666666,
      "std": 0.05773502691896237,
      "min": 8.6,
      "max": 8.7,
      "median": 8.7
    }
  },
  "safety": {
    "min_clearance": {
      "mean": 0.10000000000000002,
      "std": 1.6996749443881478e-17,
      "min": 0.1,
      "max": 0.1,
      "median": 0.1
    },
    "avg_clearance": {
      "mean": 0.10000000000000002,
      "std": 1.6996749443881478e-17,
      "min": 0.1,
      "max": 0.1,
      "median": 0.1
    },
    "clearance_variance": {
      "mean": 1.9259300000000003e-34,
      "std": 0.0,
      "min": 1.9259300000000003e-34,
      "max": 1.9259300000000003e-34,
      "median": 1.9259300000000003e-34
    },
    "critical_violations": {
      "mean": 0.0,
      "std": 0.0,
      "min": 0.0,
      "max": 0.0,
      "median": 0.0
    },
    "min_self_clearance": {
      "mean": 0.05000000000000001,
      "std": 8.498374721940739e-18,
      "min": 0.05,
      "max": 0.05,
      "median": 0.05
    },
    "avg_self_clearance": {
      "mean": 0.05000000000000001,
      "std": 8.498374721940739e-18,
      "min": 0.05,
      "max": 0.05,
      "median": 0.05
    },
    "clearance_margin_ratio": {
      "mean": 0.0,
      "std": 0.0,
      "min": 0.0,
      "max": 0.0,
      "median": 0.0
    },
    "clearance_path_ratio": {
      "mean": 0.10000000000000002,
      "std": 1.6996749443881478e-17,
      "min": 0.1,
      "max": 0.1,
      "median": 0.1
    },
    "min_ttc": {
      "mean": 0.2625553333333333,
      "std": 0.0056762696670730394,
      "min": 0.256974,
      "max": 0.268322,
      "median": 0.26237
    },
    "avg_ttc": {
      "mean": 1.0227836666666665,
      "std": 0.04362125457083198,
      "min": 0.983401,
      "max": 1.06967,
      "median": 1.01528
    },
    "critical_ttc_violations": {
      "mean": 6.333333333333333,
      "std": 0.5773502691896258,
      "min": 6.0,
      "max": 7.0,
      "median": 6.0
    }
  },
  "quality": {
    "min_manipulability": {
      "mean": 0.2476493333333333,
      "std": 0.004224760624382564,
      "min": 0.242771,
      "max": 0.250089,
      "median": 0.250088
    },
    "avg_manipulability": {
      "mean": 0.277509,
      "std": 0.005516393386987541,
      "min": 0.271253,
      "max": 0.281675,
      "median": 0.279599
    },
    "singularity_violations": {
      "mean": 0.0,
      "std": 0.0,
      "min": 0.0,
      "max": 0.0,
      "median": 0.0
    },
    "redundancy_utilization": {
      "mean": 0.7169546666666666,
      "std": 0.028636737529497535,
      "min": 0.697286,
      "max": 0.749809,
      "median": 0.703769
    },
    "max_joint_torque": {
      "mean": 0.29162,
      "std": 0.0033646826001868142,
      "min": 0.287743,
      "max": 0.293777,
      "median": 0.29334
    },
    "avg_joint_torque": {
      "mean": 0.204268,
      "std": 0.004086909957412818,
      "min": 0.200405,
      "max": 0.208547,
      "median": 0.203852
    },
    "dynamic_feasibility": {
      "feasible_ratio": 1.0,
      "total_feasible": 3,
      "total_trials": 3
    },
    "velocity_variance": {
      "mean": 0.010143109999999999,
      "std": 0.00044731984675397553,
      "min": 0.00966163,
      "max": 0.0105458,
      "median": 0.0102219
    },
    "acceleration_variance": {
      "mean": 0.0016876,
      "std": 0.00010197684197895128,
      "min": 0.00158457,
      "max": 0.00178849,
      "median": 0.00168974
    }
  }
}