{
  "algorithm" : "STOMP",
  "avg_constraint_violations" : 0.00018790955627379091,
  "avg_path_length" : 2.1448702801851134,
  "avg_planning_time_ms" : 10106.846401125,
  "avg_smoothness" : 0.9999060452218631,
  "collision_risk_score" : 0.10000000000000001,
  "composite_score" : 4.1857393079401541,
  "success_rate" : 1.0,
  "timestamp" : 1753725815,
  "total_trajectories" : 8
}