{
  "algorithm" : "STOMP",
  "avg_path_length" : 2.942421578105856,
  "avg_planning_time_ms" : 13633.587994875001,
  "avg_smoothness" : 0.99993899936561037,
  "composite_score" : 5.6496027365538302,
  "success_rate" : 1.0,
  "timestamp" : 1753725086,
  "total_trajectories" : 8
}