{
  "algorithm" : "STOMP",
  "avg_clearance" : 0.061880814089322451,
  "avg_constraint_violations" : 9.2745717994224819e-05,
  "avg_path_length" : 1.7525771958910399,
  "avg_planning_time_ms" : 2051.011403,
  "avg_smoothness" : 0.99995362714100289,
  "collision_risk_score" : 1.25,
  "composite_score" : 1.0966429330213552,
  "success_rate" : 0.75,
  "timestamp" : 1753862398,
  "total_trajectories" : 8
}