{
  "algorithm" : "STOMP",
  "avg_constraint_violations" : 3.8014298735289387e-05,
  "avg_path_length" : 1.1698352113311739,
  "avg_planning_time_ms" : 610.62715983333339,
  "avg_smoothness" : 0.99998099285063236,
  "collision_risk_score" : 1.25,
  "composite_score" : 0.47224177873701506,
  "success_rate" : 0.75,
  "timestamp" : 1753808690,
  "total_trajectories" : 8
}