{
  "algorithm" : "STOMP",
  "avg_constraint_violations" : 0.00065779660296705345,
  "avg_path_length" : 3.1890519341321961,
  "avg_planning_time_ms" : 543.47462483333334,
  "avg_smoothness" : 0.99967110169851647,
  "collision_risk_score" : 1.25,
  "composite_score" : 0.58002620203896149,
  "success_rate" : 0.75,
  "timestamp" : 1753808679,
  "total_trajectories" : 8
}