{
  "algorithm" : "STOMP",
  "avg_constraint_violations" : 0.00073164339492337582,
  "avg_path_length" : 1.8472879827373101,
  "avg_planning_time_ms" : 5111.0664895000009,
  "avg_smoothness" : 0.99963417830253831,
  "collision_risk_score" : 0.10000000000000001,
  "composite_score" : 2.1676157101522344,
  "success_rate" : 1.0,
  "timestamp" : 1753726551,
  "total_trajectories" : 8
}