{
  "algorithm" : "STOMP",
  "avg_clearance" : 0.039855345913053161,
  "avg_constraint_violations" : 0.00039159511586350781,
  "avg_path_length" : 1.6618944017928741,
  "avg_planning_time_ms" : 339.60995814285712,
  "avg_smoothness" : 0.99980420244206825,
  "collision_risk_score" : 0.625,
  "composite_score" : 0.35613329143103656,
  "success_rate" : 0.875,
  "timestamp" : 1753862706,
  "total_trajectories" : 8
}