{
  "algorithm" : "STOMP",
  "avg_clearance" : 0.14041406576469231,
  "avg_constraint_violations" : 0.0014983551081548807,
  "avg_path_length" : 3.1040658995356578,
  "avg_planning_time_ms" : 1896.816047,
  "avg_smoothness" : 0.99925082244592256,
  "collision_risk_score" : 0.10000000000000001,
  "composite_score" : 0.75872641880000002,
  "success_rate" : 1.0,
  "timestamp" : 1753862490,
  "total_trajectories" : 8
}