{
  "algorithm" : "STOMP",
  "avg_constraint_violations" : 0.00066716176121883741,
  "avg_path_length" : 2.1996172338460895,
  "avg_planning_time_ms" : 14749.251173666669,
  "avg_smoothness" : 0.99966641911939058,
  "collision_risk_score" : 1.25,
  "composite_score" : 6.1963749764778013,
  "success_rate" : 0.75,
  "timestamp" : 1753725726,
  "total_trajectories" : 8
}