{
  "algorithm" : "STOMP",
  "avg_clearance" : 0.09054488342628178,
  "avg_constraint_violations" : 0.0014129405954663721,
  "avg_path_length" : 2.2011424902669323,
  "avg_planning_time_ms" : 938.43723950000003,
  "avg_smoothness" : 0.99929352970226681,
  "collision_risk_score" : 0.10000000000000001,
  "composite_score" : 0.3942851289474365,
  "success_rate" : 1.0,
  "timestamp" : 1753862630,
  "total_trajectories" : 8
}