{
  "algorithm" : "STOMP",
  "avg_clearance" : 0.051285622199144676,
  "avg_constraint_violations" : 8.8005635244137181e-05,
  "avg_path_length" : 1.5412784001548676,
  "avg_planning_time_ms" : 5025.8221718750001,
  "avg_smoothness" : 0.99995599718237793,
  "collision_risk_score" : 0.10000000000000001,
  "composite_score" : 2.1077576243517111,
  "success_rate" : 1.0,
  "timestamp" : 1753859260,
  "total_trajectories" : 8
}