{
  "algorithm" : "STOMP",
  "avg_constraint_violations" : 8.8585475577440675e-05,
  "avg_path_length" : 1.8058332866860189,
  "avg_planning_time_ms" : 16400.788880250002,
  "avg_smoothness" : 0.99995570726221128,
  "collision_risk_score" : 0.10000000000000001,
  "composite_score" : 6.6807088671528474,
  "success_rate" : 1.0,
  "timestamp" : 1753726179,
  "total_trajectories" : 8
}