{
  "algorithm" : "STOMP",
  "avg_constraint_violations" : 0.00098306393181735174,
  "avg_path_length" : 2.2491415071861014,
  "avg_planning_time_ms" : 5187.0643094285715,
  "avg_smoothness" : 0.99950846803409132,
  "collision_risk_score" : 0.625,
  "composite_score" : 2.2998176441137592,
  "success_rate" : 0.875,
  "timestamp" : 1753726598,
  "total_trajectories" : 8
}