{
  "algorithm" : "STOMP",
  "avg_constraint_violations" : 0.0027939282430691215,
  "avg_path_length" : 2.328978677353339,
  "avg_planning_time_ms" : 500.41298949999998,
  "avg_smoothness" : 0.99860303587846544,
  "collision_risk_score" : 0.10000000000000001,
  "composite_score" : 0.35557013736904275,
  "success_rate" : 1.0,
  "timestamp" : 1753808909,
  "total_trajectories" : 8
}