{
  "algorithm" : "STOMP",
  "avg_clearance" : 0.13301544482047759,
  "avg_constraint_violations" : 0.0092293601514212842,
  "avg_path_length" : 3.5969986312827986,
  "avg_planning_time_ms" : 941.469292,
  "avg_smoothness" : 0.99538531992428936,
  "collision_risk_score" : 0.625,
  "composite_score" : 0.47658771680000001,
  "success_rate" : 0.875,
  "timestamp" : 1753862599,
  "total_trajectories" : 8
}