{
  "algorithm" : "STOMP",
  "avg_constraint_violations" : 0.0002219170439863305,
  "avg_path_length" : 2.2616776729612549,
  "avg_planning_time_ms" : 606.83306216666665,
  "avg_smoothness" : 0.99988904147800683,
  "collision_risk_score" : 1.25,
  "composite_score" : 0.54352283224961628,
  "success_rate" : 0.75,
  "timestamp" : 1753808954,
  "total_trajectories" : 8
}