{
  "algorithm" : "STOMP",
  "avg_constraint_violations" : 0.0019710277819826594,
  "avg_path_length" : 2.9700259401484641,
  "avg_planning_time_ms" : 443.58482299999991,
  "avg_smoothness" : 0.99901448610900867,
  "collision_risk_score" : 0.10000000000000001,
  "composite_score" : 0.37553420993233005,
  "success_rate" : 1.0,
  "timestamp" : 1753808744,
  "total_trajectories" : 8
}