{
  "algorithm" : "STOMP",
  "avg_constraint_violations" : 0.00013061176823292442,
  "avg_path_length" : 2.2300989350317004,
  "avg_planning_time_ms" : 6199.7088664000003,
  "avg_smoothness" : 0.99993469411588354,
  "collision_risk_score" : 1.875,
  "composite_score" : 2.8535633394838587,
  "success_rate" : 0.625,
  "timestamp" : 1753726281,
  "total_trajectories" : 8
}