{
  "algorithm" : "STOMP",
  "avg_clearance" : 0.048905267883653229,
  "avg_constraint_violations" : 0.00019156210165705012,
  "avg_path_length" : 1.7272906587508126,
  "avg_planning_time_ms" : 777.56775585714297,
  "avg_smoothness" : 0.99990421894917147,
  "collision_risk_score" : 0.625,
  "composite_score" : 0.51321656657555081,
  "success_rate" : 0.875,
  "timestamp" : 1753862718,
  "total_trajectories" : 8
}