{
  "algorithm" : "STOMP",
  "avg_constraint_violations" : 1.8475922695770919e-05,
  "avg_path_length" : 0.90452477828003297,
  "avg_planning_time_ms" : 10690.439156249999,
  "avg_smoothness" : 0.99999076203865211,
  "collision_risk_score" : 2.5,
  "composite_score" : 4.6364782381814704,
  "success_rate" : 0.5,
  "timestamp" : 1753725504,
  "total_trajectories" : 8
}