{
  "algorithm" : "STOMP",
  "avg_constraint_violations" : 0.00012037857168079036,
  "avg_path_length" : 1.6300885027615628,
  "avg_planning_time_ms" : 5933.7633852500003,
  "avg_smoothness" : 0.9999398107141596,
  "collision_risk_score" : 0.10000000000000001,
  "composite_score" : 2.4821839398793548,
  "success_rate" : 1.0,
  "timestamp" : 1753726335,
  "total_trajectories" : 8
}