{
  "algorithm" : "STOMP",
  "avg_constraint_violations" : 0.00022999312112004233,
  "avg_path_length" : 1.310957857410751,
  "avg_planning_time_ms" : 4988.5503990000007,
  "avg_smoothness" : 0.99988500343943998,
  "collision_risk_score" : 0.625,
  "composite_score" : 2.1578288497501066,
  "success_rate" : 0.875,
  "timestamp" : 1753726226,
  "total_trajectories" : 8
}