{
  "algorithm" : "STOMP",
  "avg_constraint_violations" : 0.00033364805803692832,
  "avg_path_length" : 1.5788279870241095,
  "avg_planning_time_ms" : 11032.777547714286,
  "avg_smoothness" : 0.99983317597098154,
  "collision_risk_score" : 0.625,
  "composite_score" : 4.5933829006235571,
  "success_rate" : 0.875,
  "timestamp" : 1753725600,
  "total_trajectories" : 8
}