{
  "algorithm" : "STOMP",
  "avg_clearance" : 0.065181853305432844,
  "avg_constraint_violations" : 0.00036557739324760696,
  "avg_path_length" : 1.8069821355950744,
  "avg_planning_time_ms" : 1686.3812865,
  "avg_smoothness" : 0.9998172113033762,
  "collision_risk_score" : 0.10000000000000001,
  "composite_score" : 0.74418880798913445,
  "success_rate" : 1.0,
  "timestamp" : 1753862534,
  "total_trajectories" : 8
}