{
  "algorithm" : "STOMP",
  "avg_constraint_violations" : 6.0717198068438449e-05,
  "avg_path_length" : 1.7808801161281831,
  "avg_planning_time_ms" : 10008.367736166667,
  "avg_smoothness" : 0.99996964140096578,
  "collision_risk_score" : 1.25,
  "composite_score" : 4.2720754714017817,
  "success_rate" : 0.75,
  "timestamp" : 1753725173,
  "total_trajectories" : 8
}