{
  "algorithm" : "STOMP",
  "avg_constraint_violations" : 0.00019451331768949309,
  "avg_path_length" : 2.1571863555942796,
  "avg_planning_time_ms" : 2132.387651125,
  "avg_smoothness" : 0.99990274334115525,
  "collision_risk_score" : 0.10000000000000001,
  "composite_score" : 0.99677720982217,
  "success_rate" : 1.0,
  "timestamp" : 1753808777,
  "total_trajectories" : 8
}