{
  "algorithm" : "STOMP",
  "avg_constraint_violations" : 0.00033853368221103963,
  "avg_path_length" : 1.8936348369227318,
  "avg_planning_time_ms" : 2055.0914791250002,
  "avg_smoothness" : 0.99983073315889448,
  "collision_risk_score" : 0.10000000000000001,
  "composite_score" : 0.94829584079562612,
  "success_rate" : 1.0,
  "timestamp" : 1753808623,
  "total_trajectories" : 8
}