{
  "algorithm" : "STOMP",
  "avg_constraint_violations" : 0.0051508388302869967,
  "avg_path_length" : 3.1235772689078725,
  "avg_planning_time_ms" : 429.75778650000001,
  "avg_smoothness" : 0.9974245805848565,
  "collision_risk_score" : 0.10000000000000001,
  "composite_score" : 0.38039914113537254,
  "success_rate" : 1.0,
  "timestamp" : 1753808919,
  "total_trajectories" : 8
}