{
  "algorithm" : "STOMP",
  "avg_clearance" : 0.078797051916417615,
  "avg_constraint_violations" : 0.0010065693719489843,
  "avg_path_length" : 1.8644780288445406,
  "avg_planning_time_ms" : 1258.170267857143,
  "avg_smoothness" : 0.99949671531402551,
  "collision_risk_score" : 0.625,
  "composite_score" : 0.645674003310022,
  "success_rate" : 0.875,
  "timestamp" : 1753862647,
  "total_trajectories" : 8
}