{
  "algorithm" : "STOMP",
  "avg_path_length" : 3.2491110638202048,
  "avg_planning_time_ms" : 5423.0782917500001,
  "avg_smoothness" : 0.99978712760194066,
  "composite_score" : 2.3858600081944865,
  "success_rate" : 1.0,
  "timestamp" : 1753724429,
  "total_trajectories" : 8
}