{
  "algorithm" : "STOMP",
  "avg_clearance" : 0.054846374970564986,
  "avg_constraint_violations" : 5.2212591239442219e-05,
  "avg_path_length" : 1.7537561467370479,
  "avg_planning_time_ms" : 2601.7579424999999,
  "avg_smoothness" : 0.99997389370438028,
  "collision_risk_score" : 0.10000000000000001,
  "composite_score" : 1.1310104270588699,
  "success_rate" : 1.0,
  "timestamp" : 1753859287,
  "total_trajectories" : 8
}