{
  "algorithm" : "STOMP",
  "avg_clearance" : 0.099856531681165664,
  "avg_constraint_violations" : 0.00050467753914840152,
  "avg_path_length" : 2.8186625753477581,
  "avg_planning_time_ms" : 2125.5887636666666,
  "avg_smoothness" : 0.9997476612304258,
  "collision_risk_score" : 1.25,
  "composite_score" : 1.0505224421043355,
  "success_rate" : 0.75,
  "timestamp" : 1753862435,
  "total_trajectories" : 8
}