{
  "algorithm" : "STOMP",
  "avg_constraint_violations" : 0.006145640580690781,
  "avg_path_length" : 3.2768825683526415,
  "avg_planning_time_ms" : 965.77345287499998,
  "avg_smoothness" : 0.99692717970965461,
  "collision_risk_score" : 0.10000000000000001,
  "composite_score" : 0.6050755010692106,
  "success_rate" : 1.0,
  "timestamp" : 1753808943,
  "total_trajectories" : 8
}