{
  "algorithm" : "STOMP",
  "avg_path_length" : 1.2203735064185237,
  "avg_planning_time_ms" : 5083.7460969999993,
  "avg_smoothness" : 0.9999788773028816,
  "composite_score" : 2.4898587848309472,
  "success_rate" : 0.375,
  "timestamp" : 1753724816,
  "total_trajectories" : 8
}