{
  "algorithm" : "STOMP",
  "avg_constraint_violations" : 4.0594754587841564e-05,
  "avg_path_length" : 1.0492114407025472,
  "avg_planning_time_ms" : 5592.6073751666663,
  "avg_smoothness" : 0.99997970262270608,
  "collision_risk_score" : 1.25,
  "composite_score" : 2.4569924091845659,
  "success_rate" : 0.75,
  "timestamp" : 1753726440,
  "total_trajectories" : 8
}