{
  "algorithm" : "STOMP",
  "avg_clearance" : 0.11133778588403373,
  "avg_constraint_violations" : 0.00021714215486134947,
  "avg_path_length" : 3.1388284588190807,
  "avg_planning_time_ms" : 2192.031755125,
  "avg_smoothness" : 0.99989142892256933,
  "collision_risk_score" : 0.10000000000000001,
  "composite_score" : 0.87681270205000006,
  "success_rate" : 1.0,
  "timestamp" : 1753862514,
  "total_trajectories" : 8
}