{
  "algorithm" : "STOMP",
  "avg_constraint_violations" : 0.00065282071466365998,
  "avg_path_length" : 1.9058048886611811,
  "avg_planning_time_ms" : 363.69738071428571,
  "avg_smoothness" : 0.99967358964266817,
  "collision_risk_score" : 0.625,
  "composite_score" : 0.34756525256552623,
  "success_rate" : 0.875,
  "timestamp" : 1753808899,
  "total_trajectories" : 8
}