{
  "algorithm" : "STOMP",
  "avg_clearance" : 0.070894267682236903,
  "avg_constraint_violations" : 0.0035547655305074866,
  "avg_path_length" : 2.2682124471349274,
  "avg_planning_time_ms" : 1168.5511092500001,
  "avg_smoothness" : 0.99822261723474626,
  "collision_risk_score" : 0.10000000000000001,
  "composite_score" : 0.5256319083355262,
  "success_rate" : 1.0,
  "timestamp" : 1753862585,
  "total_trajectories" : 8
}