{
  "algorithm" : "STOMP",
  "avg_clearance" : 0.037961616668611635,
  "avg_constraint_violations" : 0.00014395128576993876,
  "avg_path_length" : 1.5601310766457519,
  "avg_planning_time_ms" : 914.50466662500003,
  "avg_smoothness" : 0.99992802435711503,
  "collision_risk_score" : 0.10000000000000001,
  "composite_score" : 0.48987863331277676,
  "success_rate" : 1.0,
  "timestamp" : 1753862660,
  "total_trajectories" : 8
}