{
  "algorithm" : "STOMP",
  "avg_constraint_violations" : 0.0001684715764449507,
  "avg_path_length" : 1.4938948973434358,
  "avg_planning_time_ms" : 6115.1167911666662,
  "avg_smoothness" : 0.99991576421177752,
  "collision_risk_score" : 1.25,
  "composite_score" : 2.6956481332017179,
  "success_rate" : 0.75,
  "timestamp" : 1753726390,
  "total_trajectories" : 8
}