{
  "algorithm" : "STOMP",
  "avg_clearance" : 0.061386359043973097,
  "avg_constraint_violations" : 6.4443765565469491e-05,
  "avg_path_length" : 1.8316503323466173,
  "avg_planning_time_ms" : 126839.64079757141,
  "avg_smoothness" : 0.99996777811721727,
  "collision_risk_score" : 0.625,
  "composite_score" : 50.913083600940617,
  "success_rate" : 0.875,
  "timestamp" : 1753862375,
  "total_trajectories" : 8
}