{
  "algorithm" : "STOMP",
  "avg_constraint_violations" : 0.0015954289139157307,
  "avg_path_length" : 2.6935584031179456,
  "avg_planning_time_ms" : 5286.5485001249999,
  "avg_smoothness" : 0.99920228554304213,
  "collision_risk_score" : 0.10000000000000001,
  "composite_score" : 2.294269731703559,
  "success_rate" : 1.0,
  "timestamp" : 1753726757,
  "total_trajectories" : 8
}