{
  "algorithm" : "STOMP",
  "avg_path_length" : 2.7863552741836024,
  "avg_planning_time_ms" : 6855.494552000001,
  "avg_smoothness" : 0.99985053146417124,
  "composite_score" : 2.9279697859324907,
  "success_rate" : 1.0,
  "timestamp" : 1753724969,
  "total_trajectories" : 8
}