{
  "algorithm" : "STOMP",
  "avg_constraint_violations" : 0.00049580835247375887,
  "avg_path_length" : 2.8834124391240117,
  "avg_planning_time_ms" : 588.55807800000002,
  "avg_smoothness" : 0.99975209582376312,
  "collision_risk_score" : 0.10000000000000001,
  "composite_score" : 0.42767551755922451,
  "success_rate" : 1.0,
  "timestamp" : 1753808634,
  "total_trajectories" : 8
}