{
  "algorithm" : "STOMP",
  "avg_clearance" : 0.074124775159959064,
  "avg_constraint_violations" : 0.00090257696084372618,
  "avg_path_length" : 2.1452082483439301,
  "avg_planning_time_ms" : 602.03504757142855,
  "avg_smoothness" : 0.99954871151957814,
  "collision_risk_score" : 0.625,
  "composite_score" : 0.39256446870865336,
  "success_rate" : 0.875,
  "timestamp" : 1753862765,
  "total_trajectories" : 8
}