{
  "algorithm" : "STOMP",
  "avg_constraint_violations" : 7.4932949765349477e-05,
  "avg_path_length" : 1.5468549430925864,
  "avg_planning_time_ms" : 2108.3294584285718,
  "avg_smoothness" : 0.99996253352511733,
  "collision_risk_score" : 0.625,
  "composite_score" : 1.0214591928917562,
  "success_rate" : 0.875,
  "timestamp" : 1753808844,
  "total_trajectories" : 8
}