{
  "algorithm" : "STOMP",
  "avg_constraint_violations" : 0.0023815590490128269,
  "avg_path_length" : 2.5296118806458705,
  "avg_planning_time_ms" : 562.14876037499994,
  "avg_smoothness" : 0.99880922047549359,
  "collision_risk_score" : 0.10000000000000001,
  "composite_score" : 0.39361937414550868,
  "success_rate" : 1.0,
  "timestamp" : 1753808929,
  "total_trajectories" : 8
}