{
  "algorithm" : "STOMP",
  "avg_constraint_violations" : 0.00019541160560043735,
  "avg_path_length" : 2.8421371486490541,
  "avg_planning_time_ms" : 2888.8099480000001,
  "avg_smoothness" : 0.99990229419719978,
  "collision_risk_score" : 0.10000000000000001,
  "composite_score" : 1.345009559690217,
  "success_rate" : 1.0,
  "timestamp" : 1753808564,
  "total_trajectories" : 8
}