{
  "algorithm" : "STOMP",
  "avg_constraint_violations" : 0.00090646501673807833,
  "avg_path_length" : 1.9886276688567304,
  "avg_planning_time_ms" : 6332.247270875001,
  "avg_smoothness" : 0.99954676749163096,
  "collision_risk_score" : 0.10000000000000001,
  "composite_score" : 2.6655194095246197,
  "success_rate" : 1.0,
  "timestamp" : 1753726708,
  "total_trajectories" : 8
}