{
  "algorithm" : "STOMP",
  "avg_clearance" : 0.13877209711725064,
  "avg_constraint_violations" : 0.001312195593898613,
  "avg_path_length" : 3.2845361617866056,
  "avg_planning_time_ms" : 1684.0616146249999,
  "avg_smoothness" : 0.99934390220305069,
  "collision_risk_score" : 0.10000000000000001,
  "composite_score" : 0.67362464585000004,
  "success_rate" : 1.0,
  "timestamp" : 1753862553,
  "total_trajectories" : 8
}