{
  "algorithm" : "STOMP",
  "avg_constraint_violations" : 0.00076956660319416059,
  "avg_path_length" : 2.6467590817328452,
  "avg_planning_time_ms" : 4858.9933073749999,
  "avg_smoothness" : 0.99961521669840292,
  "collision_risk_score" : 0.10000000000000001,
  "composite_score" : 2.1200864067290164,
  "success_rate" : 1.0,
  "timestamp" : 1753726849,
  "total_trajectories" : 8
}