{
  "algorithm" : "STOMP",
  "avg_path_length" : 1.5872778968078303,
  "avg_planning_time_ms" : 6148.2720061428563,
  "avg_smoothness" : 0.99983547325397171,
  "composite_score" : 2.6401437815856008,
  "success_rate" : 0.875,
  "timestamp" : 1753724768,
  "total_trajectories" : 8
}