{
  "algorithm" : "STOMP",
  "avg_clearance" : 0.071777984248560245,
  "avg_constraint_violations" : 0.0010584315860200366,
  "avg_path_length" : 2.5225528617640225,
  "avg_planning_time_ms" : 1209.490427125,
  "avg_smoothness" : 0.99947078420698998,
  "collision_risk_score" : 0.10000000000000001,
  "composite_score" : 0.54024020235287962,
  "success_rate" : 1.0,
  "timestamp" : 1753862569,
  "total_trajectories" : 8
}