{
  "algorithm" : "STOMP",
  "avg_constraint_violations" : 0.00071199980857095113,
  "avg_path_length" : 1.5980823047388022,
  "avg_planning_time_ms" : 10758.338255999999,
  "avg_smoothness" : 0.99964400009571452,
  "collision_risk_score" : 0.625,
  "composite_score" : 4.4849097227063481,
  "success_rate" : 0.875,
  "timestamp" : 1753725910,
  "total_trajectories" : 8
}