{
  "study_name": "test_integration",
  "total_trials": 6,
  "best_value": 0.3231177646341463,
  "best_params": {
    "stomp_max_iterations": 439,
    "stomp_num_noisy_trajectories": 19,
    "stomp_num_best_samples": 10,
    "stomp_learning_rate": 0.1541928294412055,
    "stomp_temperature": 8.940699636168253,
    "stomp_dt": 0.10859996797173847,
    "stomp_joint_std_dev_0": 0.2094863819541635,
    "stomp_joint_std_dev_1": 0.167249887063201,
    "stomp_joint_std_dev_2": 0.2976281906411647,
    "stomp_joint_std_dev_3": 0.28309416586166736,
    "stomp_joint_std_dev_4": 0.035950866495808115,
    "stomp_joint_std_dev_5": 0.27061530575817155,
    "stomp_joint_std_dev_6": 0.2858008689374725
  },
  "parameter_importance": {
    "stomp_learning_rate": {
      "optuna_importance": 0.1746031743098127,
      "pearson_correlation": 0.95803288964187,
      "pearson_p_value": 0.0026049004855784787,
      "spearman_correlation": 0.6982532518267538,
      "spearman_p_value": 0.12283946337339596,
      "variance": 0.005756656819530201,
      "range": 0.17514145647467183
    },
    "stomp_joint_std_dev_5": {
      "optuna_importance": 0.15873015869807408,
      "pearson_correlation": 0.984644235924634,
      "pearson_p_value": 0.00035188879483609274,
      "spearman_correlation": 0.7589709258986453,
      "spearman_p_value": 0.08014122805832381,
      "variance": 0.00544531959369563,
      "range": 0.16153333715159532
    },
    "stomp_joint_std_dev_1": {
      "optuna_importance": 0.09523809533058737,
      "pearson_correlation": 0.3129850479095012,
      "pearson_p_value": 0.5458523794786794,
      "spearman_correlation": 0.030358837035945815,
      "spearman_p_value": 0.9544757346935633,
      "variance": 0.0035007798147217175,
      "range": 0.1601960388379612
    },
    "stomp_joint_std_dev_0": {
      "optuna_importance": 0.09523809519399488,
      "pearson_correlation": 0.39557784323924017,
      "pearson_p_value": 0.4375836075621298,
      "spearman_correlation": 0.2732295333235123,
      "spearman_p_value": 0.6003545904291114,
      "variance": 0.007751050926639415,
      "range": 0.20252541951863912
    },
    "stomp_joint_std_dev_3": {
      "optuna_importance": 0.0952380951642493,
      "pearson_correlation": 0.6746827814811984,
      "pearson_p_value": 0.14153256811623194,
      "spearman_correlation": 0.6982532518267538,
      "spearman_p_value": 0.12283946337339596,
      "variance": 0.010459627484750633,
      "range": 0.2594889970704944
    },
    "stomp_joint_std_dev_4": {
      "optuna_importance": 0.095238095125523,
      "pearson_correlation": 0.3311230638280388,
      "pearson_p_value": 0.5214679817723159,
      "spearman_correlation": 0.6982532518267538,
      "spearman_p_value": 0.12283946337339596,
      "variance": 0.011933274720413905,
      "range": 0.258658606472865
    },
    "stomp_temperature": {
      "optuna_importance": 0.07936507960768412,
      "pearson_correlation": 0.08142492845050248,
      "pearson_p_value": 0.8781325317345043,
      "spearman_correlation": 0.21251185925162072,
      "spearman_p_value": 0.6860308660088958,
      "variance": 42.103633300596776,
      "range": 14.276404426293636
    },
    "stomp_num_best_samples": {
      "optuna_importance": 0.06349206354190412,
      "pearson_correlation": 0.7293465927311862,
      "pearson_p_value": 0.09996677716387074,
      "spearman_correlation": 0.8008534347238067,
      "spearman_p_value": 0.05554001958093768,
      "variance": 6.266666666666667,
      "range": "6"
    },
    "stomp_joint_std_dev_2": {
      "optuna_importance": 0.04761904767293642,
      "pearson_correlation": 0.3643473671041082,
      "pearson_p_value": 0.477662324375026,
      "spearman_correlation": 0.5768179036829705,
      "spearman_p_value": 0.23073225195460037,
      "variance": 0.01163881893764392,
      "range": 0.2715278760496125
    },
    "stomp_dt": {
      "optuna_importance": 0.047619047670634705,
      "pearson_correlation": 0.11815878720494566,
      "pearson_p_value": 0.8235866560869135,
      "spearman_correlation": 0.15179418517972906,
      "spearman_p_value": 0.7740575031656567,
      "variance": 0.0034533195431759624,
      "range": 0.13902117564548314
    },
    "stomp_max_iterations": {
      "optuna_importance": 0.031746031802079036,
      "pearson_correlation": 0.36547361861114436,
      "pearson_p_value": 0.47619790420784536,
      "spearman_correlation": 0.33394720739540396,
      "spearman_p_value": 0.5177002083054396,
      "variance": 21865.86666666667,
      "range": "329"
    },
    "stomp_num_noisy_trajectories": {
      "optuna_importance": 0.015873015872210856,
      "pearson_correlation": 0.4024901761942222,
      "pearson_p_value": 0.4288661063025303,
      "spearman_correlation": 0.2732295333235123,
      "spearman_p_value": 0.6003545904291114,
      "variance": 52.666666666666664,
      "range": "17"
    },
    "stomp_joint_std_dev_6": {
      "optuna_importance": 1.0309308637950787e-11,
      "pearson_correlation": 0.1589409478612138,
      "pearson_p_value": 0.763596179194082,
      "spearman_correlation": 0.15179418517972906,
      "spearman_p_value": 0.7740575031656567,
      "variance": 0.01653636533916008,
      "range": 0.2758859263969384
    }
  },
  "performance_statistics": {
    "total_trials": 6,
    "successful_trials": 6,
    "success_rate": 1.0,
    "mean": 500.1846307499754,
    "median": 500.2093435192,
    "std": 547.5203054890529,
    "min": 0.3231177646341463,
    "max": 1000.0,
    "q25": 0.3791565322136363,
    "q75": 1000.0,
    "skewness": -9.172539648612403e-09,
    "kurtosis": -1.9999999877700272,
    "best_value": 0.3231177646341463,
    "improvement_ratio": 0.9996768822353659,
    "is_normal": "False",
    "normality_p_value": NaN
  },
  "statistical_tests": {
    "params_stomp_dt": {
      "mann_whitney_u": 3.0,
      "p_value": 0.7,
      "significant": "False",
      "best_mean": 0.10768118249778448,
      "worst_mean": 0.12036084911911589,
      "effect_size": 0.1943518591126594
    },
    "params_stomp_joint_std_dev_0": {
      "mann_whitney_u": 2.0,
      "p_value": 0.4,
      "significant": "False",
      "best_mean": 0.08605946127752451,
      "worst_mean": 0.14964931030564563,
      "effect_size": 0.7034155769291217
    },
    "params_stomp_joint_std_dev_1": {
      "mann_whitney_u": 3.0,
      "p_value": 0.7,
      "significant": "False",
      "best_mean": 0.11147107962520518,
      "worst_mean": 0.1452857605481408,
      "effect_size": 0.5382219605735042
    },
    "params_stomp_joint_std_dev_2": {
      "mann_whitney_u": 6.0,
      "p_value": 0.7,
      "significant": "False",
      "best_mean": 0.20196055260388446,
      "worst_mean": 0.13020500178692637,
      "effect_size": 0.6388006917102577
    },
    "params_stomp_joint_std_dev_3": {
      "mann_whitney_u": 8.0,
      "p_value": 0.2,
      "significant": "False",
      "best_mean": 0.26194415633050855,
      "worst_mean": 0.13596570694278234,
      "effect_size": 1.4926659657414139
    },
    "params_stomp_joint_std_dev_4": {
      "mann_whitney_u": 2.0,
      "p_value": 0.4,
      "significant": "False",
      "best_mean": 0.11651396068925128,
      "worst_mean": 0.18254665371216205,
      "effect_size": 0.5729752462990525
    },
    "params_stomp_joint_std_dev_5": {
      "mann_whitney_u": 9.0,
      "p_value": 0.1,
      "significant": "False",
      "best_mean": 0.2778198032286728,
      "worst_mean": 0.1451627677059046,
      "effect_size": 9.210493397670717
    },
    "params_stomp_joint_std_dev_6": {
      "mann_whitney_u": 4.0,
      "p_value": 1.0,
      "significant": "False",
      "best_mean": 0.1939513531380099,
      "worst_mean": 0.15664436046396601,
      "effect_size": 0.2628261588464138
    },
    "params_stomp_learning_rate": {
      "mann_whitney_u": 9.0,
      "p_value": 0.1,
      "significant": "False",
      "best_mean": 0.16608667648108197,
      "worst_mean": 0.03337519920433631,
      "effect_size": 5.45812058328176
    },