{
  "algorithm" : "STOMP",
  "avg_constraint_violations" : 0.00046516662764517491,
  "avg_path_length" : 1.5901717724312381,
  "avg_planning_time_ms" : 16362.916965333336,
  "avg_smoothness" : 0.99976741668617741,
  "collision_risk_score" : 2.5,
  "composite_score" : 6.9512014959601336,
  "success_rate" : 0.5,
  "timestamp" : 1753725729,
  "total_trajectories" : 12
}