{
  "algorithm" : "STOMP",
  "avg_constraint_violations" : 0.00036646617547808624,
  "avg_path_length" : 1.6891605916219525,
  "avg_planning_time_ms" : 19069.089614500001,
  "avg_smoothness" : 0.99981676691226096,
  "collision_risk_score" : 1.666666666666667,
  "composite_score" : 7.9402648752169052,
  "success_rate" : 0.66666666666666663,
  "timestamp" : 1753725250,
  "total_trajectories" : 12
}