{
  "algorithm" : "STOMP",
  "avg_constraint_violations" : 0.00029644758073477107,
  "avg_path_length" : 0.92400762876325271,
  "avg_planning_time_ms" : 12436.086472333334,
  "avg_smoothness" : 0.99985177620963261,
  "collision_risk_score" : 2.5,
  "composite_score" : 5.3360499198965883,
  "success_rate" : 0.5,
  "timestamp" : 1753726018,
  "total_trajectories" : 12
}