{
  "algorithm" : "STOMP",
  "avg_constraint_violations" : 0.00024942215714451876,
  "avg_path_length" : 0.9913080668948826,
  "avg_planning_time_ms" : 10888.0804002,
  "avg_smoothness" : 0.99987528892142774,
  "collision_risk_score" : 2.9166666666666661,
  "composite_score" : 4.7713318356475165,
  "success_rate" : 0.41666666666666669,
  "timestamp" : 1753725389,
  "total_trajectories" : 12
}