{
  "algorithm" : "STOMP",
  "avg_constraint_violations" : 2.7540078294752135e-05,
  "avg_path_length" : 0.88180614844929162,
  "avg_planning_time_ms" : 10328.103276124999,
  "avg_smoothness" : 0.99998622996085262,
  "collision_risk_score" : 1.666666666666667,
  "composite_score" : 4.3900297640171999,
  "success_rate" : 0.66666666666666663,
  "timestamp" : 1753725864,
  "total_trajectories" : 12
}